id,name_de,name,name_de_html,category,co2_for_16fu_without_air,co2_for_100g_without_air,co2_base,sum_transport_for_16fu,land_transport,sea_transport,air_transport,food_unit,energy_in_kcal,kcal_for_16fu,weight_for_16fu,co2_for_100kcal_without_air
ananassaft,Ananassaft,Pineapple juice,Ananassaft,beverages,911,56.95,15.0,671,20.2,21.71,0.0,0.1,47.05,753,1600,120.98273572377158
apfelsaft,Apfelsaft,Apple juice,Apfelsaft,beverages,621,34.95,33.0,35,2.0,0.0,0.0,0.09,45.14,802,1778,77.43142144638404
bier,Bier,Beer,Bier,starches & bread,770,43.32,40.0,59,3.3,0.0,0.0,0.09,39.41,701,1778,109.84308131241085
birnensaft,Birnensaft,Pear juice,Birnensaft,beverages,734,50.47,39.0,167,11.5,0.0,0.0,0.11,47.54,691,1455,106.22286541244571
buttermilch,Buttermilch,Buttermilk,Buttermilch,dairy & eggs,1467,119.19,117.0,27,2.2,0.0,0.0,0.13,33.68,415,1231,353.49397590361446
champagner,Champagner,Champagne,Champagner,beverages,2145,147.44,137.0,152,9.3,1.1,0.0,0.11,69.98,1018,1455,210.7072691552063
cognac,Cognac,Cognac,Cognac,beverages,1859,290.44,280.0,67,9.3,1.1,0.0,0.25,237.41,1519,640,122.38314680710994
fruchtsaft,Fruchtsaft,Fruit juice,Fruchtsaft,beverages,629,43.23,35.0,120,7.8,0.44,0.0,0.11,56.13,816,1455,77.08333333333333
grapefruitsaft,Grapefruitsaft,Grapefruit juice,Grapefruitsaft,beverages,621,46.56,32.0,194,6.8,7.72,0.0,0.12,25.08,334,1333,185.92814371257484
gruentee,Grüntee,Green tea,Grüntee,beverages,1707,714.69,668.6,110,45.7,0.39,0.0,0.67,229.53,548,239,311.4963503649635
haferdrink,Haferdrink,Oat drink,Haferdrink,starches & bread,357,24.56,11.0,197,13.6,0.0,0.0,0.11,56.61,823,1455,43.377885783718106
huehnerbruehe,Hühnerbrühe,Chicken broth,Hühnerbrühe,beverages,557,219.37,181.0,97,24.8,13.58,0.0,0.63,194.66,494,254,112.75303643724696
kaffee,Kaffee,Coffee (brewed),Kaffee,beverages,868,21.7,14.35,294,5.3,2.02,0.0,0.04,4.0,160,4000,542.5
kaffeebohnen,Kaffeebohnen,Coffee beans,Kaffeebohnen,beverages,2122,1100.71,1043.0,111,48.6,9.07,0.0,0.83,396.48,764,193,277.74869109947645
mandarinensaft,Mandarinensaft,Tangerine juice,Mandarinensaft,beverages,435,27.18,19.0,131,8.2,0.0,0.0,0.1,50.4,806,1600,53.97022332506204
mangosaft,Mangosaft,Mango Juice,Mangosaft,beverages,2230,119.84,99.0,388,10.8,10.08,604.74,0.086,42.0,781,1860,285.5313700384123
milch_(mager),Milch (mager),"Milk (lean, up to 0.5%)",Milch (mager),dairy & eggs,1285,144.58,141.0,32,3.6,0.0,0.0,0.18,57.0,507,889,253.4516765285996
milch_(teilentrahmt),Fettarme Milch,"Milk (uht, partially skimmed, up to 2.5%)",Fettarme Milch,dairy & eggs,1602,180.19,177.0,28,3.2,0.0,0.0,0.18,57.32,510,889,314.11764705882354
mineralwasser_(mit_kohlensaeure),Mineralwasser (mit Kohlensäure),Sparkling water,Mineralwasser (mit Kohlensäure),beverages,1596,39.9,31.9,320,8.0,0.0,0.0,0.04,0.0,0,4000,inf
mineralwasser_(ohne_kohlensaeure),Mineralwasser (ohne Kohlensäure),Mineral water (non-carbonated),Mineralwasser (ohne Kohlensäure),beverages,1136,28.4,20.4,320,8.0,0.0,0.0,0.04,0.0,0,4000,inf
orangensaft,Orangensaft,Orange juice,Orangensaft,beverages,2248,154.58,127.1,400,17.9,9.58,0.0,0.11,51.59,750,1455,299.7333333333333
pfirsichsaft,Pfirsichsaft,Peach juice,Pfirsichsaft,beverages,2748,154.58,127.1,489,17.9,9.58,0.0,0.09,48.25,858,1778,320.27972027972027
portwein,Portwein,Port wine,Portwein,beverages,2582,290.44,280.0,93,9.3,1.1,0.0,0.18,152.14,1352,889,190.97633136094677
rote_beete_saft,Rote Beete Saft,Beetroot juice,Rote Beete Saft,beverages,868,59.7,57.0,39,2.7,0.0,0.0,0.11,26.52,386,1455,224.87046632124355
reisdrink,Reisdrink,Rice drink,Reisdrink,beverages,878,60.36,36.0,354,8.2,16.15,0.0,0.11,56.61,823,1455,106.68286755771568
rinderbruehe,Rinderbrühe,Beef broth,Rinderbrühe,beverages,1791,705.37,667.0,97,24.8,13.58,0.0,0.63,194.66,494,254,362.5506072874494
schwarztee,Schwarztee,Black tea,Schwarztee,beverages,1707,714.69,668.6,110,45.7,0.39,0.0,0.67,229.53,548,239,311.4963503649635
sojamilch,Sojamilch,Soy milk,Sojamilch,legumes,644,60.37,22.0,409,24.8,13.58,0.0,0.15,39.65,423,1067,152.24586288416074
spirituosen,Spirituosen,Spirituous beverages,Spirituosen,beverages,2789,418.37,380.0,256,24.8,13.58,0.0,0.24,218.78,1459,667,191.15832762165863
tomatensaft,Tomatensaft,Tomato juice,Tomatensaft,beverages,924,40.42,33.0,170,7.4,0.0,0.0,0.07,15.52,355,2286,260.28169014084506
traubensaft,Traubensaft,Grape juice,Traubensaft,beverages,1774,121.99,116.0,87,6.0,0.0,0.0,0.11,60.07,874,1455,202.97482837528605
vollmilch,Vollmilch,"Milk (uht, full cream, 3.5%)",Vollmilch,dairy & eggs,1554,194.19,191.0,26,3.2,0.0,0.0,0.2,68.31,546,800,284.61538461538464
wasser,Wasser,Water,Wasser,beverages,2,0.04,0.04,0,0.0,0.0,0.0,0.04,0.0,0,4000,inf
wein,Wein,Wine,Wein,beverages,2359,147.44,137.0,167,9.3,1.1,0.0,0.1,68.55,1097,1600,215.04102096627165
weisser_tee,Weißer Tee,White tea,Weißer Tee,beverages,1707,714.69,668.6,110,45.7,0.39,0.0,0.67,229.53,548,239,311.4963503649635
butter,Butter,Butter,Butter,dairy & eggs,1384,1211.19,1209.0,3,2.2,0.0,0.0,1.4,730.87,835,114,165.74850299401197
cheddar,Cheddar,Cheddar,Cheddar,dairy & eggs,1322,941.69,938.0,5,3.7,0.0,0.0,1.14,406.04,570,140,231.9298245614035
creme_fraiche,Crème Fraiche,Creme fraiche cheese,Crème Fraiche,dairy & eggs,806,342.47,340.0,6,2.5,0.0,0.0,0.68,329.61,776,235,103.8659793814433
doppelrahm,Doppelrahm,"Cream (double cream, 45% fat)",Doppelrahm,dairy & eggs,1374,721.47,719.0,5,2.5,0.0,0.0,0.84,417.98,796,190,172.61306532663318
eier,Eier,Eggs (free range),Eier,dairy & eggs,750,220.26,216.0,15,4.3,0.0,0.0,0.47,141.0,480,340,156.25
eigelb,Eigelb,Egg yolk,Eigelb,dairy & eggs,477,271.26,267.0,7,4.3,0.0,0.0,0.91,346.33,609,176,78.32512315270937
eiweiss,Eiweiß,Egg white,Eiweiß,dairy & eggs,1607,271.26,267.0,25,4.3,0.0,0.0,0.27,44.66,265,593,606.4150943396227
emmentaler,Emmentaler,Emmentaler,Emmen&shy;taler,dairy & eggs,1274,955.69,952.0,5,3.7,0.0,0.0,1.2,406.04,541,133,235.4898336414048
frischkaese,Frischkäse,"Cheese (fresh, 0 - 15%)",Frischkäse,dairy & eggs,684,324.69,321.0,8,3.7,0.0,0.0,0.76,334.38,704,211,97.1590909090909
grana_padano,Grana padano,Grana padano,Grana padano,dairy & eggs,1215,941.69,938.0,5,3.7,0.0,0.0,1.24,372.6,481,129,252.5987525987526
gruyere,Gruyère,Gruyere,Gruyère,dairy & eggs,1291,927.69,924.0,5,3.7,0.0,0.0,1.15,394.1,548,139,235.5839416058394
hafersahne,Hafersahne,Oats cream,Hafersahne,starches & bread,127,24.56,11.0,70,13.6,0.0,0.0,0.31,146.65,757,516,16.77675033025099
joghurt_(natur),Joghurt (natur),Natural yoghurt,Joghurt (natur),dairy & eggs,3155,374.69,371.0,31,3.7,0.0,0.0,0.19,48.01,404,842,780.940594059406
kaffeesahne,Kaffeesahne,Coffee creamer,Kaffeesahne,dairy & eggs,10,2.2,,10,2.2,0.0,0.0,0.36,159.07,707,444,1.4144271570014144
kaese_(halbhart),Schnittkäse,"Cheese (semi-hard, 25 - 30%)",Schnittkäse,dairy & eggs,2196,864.69,861.0,9,3.7,0.0,0.0,0.63,225.23,572,254,383.9160839160839
kaese_(hart),Käse,"Cheese (hard, more than 30%)",Käse,dairy & eggs,1310,941.69,938.0,5,3.7,0.0,0.0,1.15,396.48,552,139,237.31884057971016
kaese_(weich),Weichkäse,"Cheese (soft, 20 -25%)",Weichkäse,dairy & eggs,1212,666.69,663.0,7,3.7,0.0,0.0,0.88,358.27,651,182,186.17511520737327
kokosmilch,Kokosmilch,Coconut milk,Kokosmilch,nuts & seeds,556,138.92,110.0,116,21.2,7.72,0.0,0.4,185.58,742,400,74.93261455525607
margarine,Margarine,Margarine,Margarine,dairy & eggs,157,134.68,132.0,3,2.7,0.0,0.0,1.37,711.76,831,117,18.892900120336943
mascarpone,Mascarpone,Mascarpone,Mascarpone,dairy & eggs,1017,616.69,613.0,6,3.7,0.0,0.0,0.97,446.64,737,165,137.99185888738128
milchpulver,Milchpulver,Milk powder,Milchpulver,dairy & eggs,303,220.01,218.0,3,2.0,0.0,0.0,1.16,480.08,662,138,45.77039274924472
molke,Molke,Whey,Molke,dairy & eggs,134,6.69,3.0,74,3.7,0.0,0.0,0.08,24.12,482,2000,27.800829875518676
molkepulver,Molkepulver,Whey powder,Molkepulver,dairy & eggs,641,256.29,253.0,8,3.3,0.0,0.0,0.64,374.75,937,250,68.40981856990395
mozzarella,Mozzarella,Mozzarella (from cow's milk),Mozzarella,dairy & eggs,1420,674.69,671.0,8,3.7,0.0,0.0,0.76,250.79,528,211,268.93939393939394
paneer,Paneer,Paneer,Paneer,dairy & eggs,1647,864.69,861.0,7,3.7,0.0,0.0,0.84,285.9,545,190,302.20183486238534
parmesan,Parmesan,Parmesan,Parmesan,dairy & eggs,1215,941.69,938.0,5,3.7,0.0,0.0,1.24,372.6,481,129,252.5987525987526
quark,Quark,Curd,Quark,dairy & eggs,1620,293.69,290.0,20,3.7,0.0,0.0,0.29,62.58,345,552,469.5652173913044
raclette,Raclette,Raclette,Raclette,dairy & eggs,1408,941.69,938.0,6,3.7,0.0,0.0,1.07,355.88,532,150,264.6616541353383
sahne_(halbfett),Sahne (halbfett),"Cream (half-fat, 25% fat)",Sahne (halbfett),dairy & eggs,1310,458.47,456.0,7,2.5,0.0,0.0,0.56,269.9,771,286,169.90920881971465
sahne_(vollfett),Sahne,"Cream (full fat, 35% fat)",Sahne,dairy & eggs,1408,589.47,587.0,6,2.5,0.0,0.0,0.67,327.22,781,239,180.28169014084503
ricotta,Ricotta,Ricotta,Ricotta,dairy & eggs,220,64.69,61.0,13,3.7,0.0,0.0,0.47,154.0,524,340,41.98473282442748
sahne-pulver,Sahne-Pulver,Cream powder,Sahne-Pulver,dairy & eggs,2729,1534.95,1533.0,3,2.0,0.0,0.0,0.9,559.85,995,178,274.2713567839196
sauermilch,Sauermilch,Sour milk,Sauermilch,dairy & eggs,1537,278.58,275.0,20,3.6,0.0,0.0,0.29,119.42,659,552,233.2321699544765
schmand,Schmand,Sour cream,Schmand,dairy & eggs,806,342.47,340.0,6,2.5,0.0,0.0,0.68,329.61,776,235,103.8659793814433
seidentofu,Seidentofu,Silken tofu,Seidentofu,legumes,964,120.53,106.0,116,13.3,1.24,0.0,0.2,55.0,440,800,219.0909090909091
tilsiter,Tilsiter,Tilsit cheese,Tilsiter,dairy & eggs,1343,864.69,861.0,6,3.7,0.0,0.0,1.03,351.1,545,155,246.42201834862385
vollei,Vollei,Whole egg,Vollei,dairy & eggs,923,271.26,267.0,15,4.3,0.0,0.0,0.47,140.68,479,340,192.69311064718164
ziegenkaese,Ziegenkäse,Goat cheese,Ziegenkäse,dairy & eggs,756,340.42,333.0,16,7.4,0.0,0.0,0.72,241.23,536,222,141.044776119403
ziegenmilch,Ziegenmilch,Goat milk,Ziegenmilch,dairy & eggs,1049,111.42,104.0,70,7.4,0.0,0.0,0.17,56.61,533,941,196.8105065666041
aal,Aal,Eel,Aal,fish & seafood,676,388.87,335.0,94,27.8,26.06,0.0,0.92,373.08,649,174,104.16024653312788
austern,Austern,Oysters,Austern,fish & seafood,3615,338.87,285.0,575,27.8,26.06,0.0,0.15,9.9,106,1067,3410.377358490566
blaubarsch,Blaubarsch,Bluefish,Blaubarsch,fish & seafood,629,373.37,335.0,65,24.8,13.58,0.0,0.95,353.01,595,168,105.71428571428572
claressefilet,Claressefilet,Claresse filet,Claressefilet,fish & seafood,2631,805.87,752.0,176,27.8,26.06,0.0,0.49,101.75,332,327,792.4698795180723
dorsch,Dorsch,Codfish,Dorsch,fish & seafood,1912,513.87,460.0,200,27.8,26.06,0.0,0.43,76.91,286,372,668.5314685314685
flussbarschfilet,Flussbarschfilet,Perch fillet,Fluss&shy;barsch&shy;filet,fish & seafood,596,163.87,110.0,196,27.8,26.06,0.0,0.44,79.3,288,364,206.94444444444449
felchen,Felchen,Whitefish,Felchen,fish & seafood,535,163.87,110.0,176,27.8,26.06,0.0,0.49,101.75,332,327,161.14457831325302
fisch,Fisch,Fish,Fisch,fish & seafood,1244,388.87,335.0,172,27.8,26.06,0.0,0.5,126.83,406,320,306.4039408866995
flunder,Flunder,Flounder,Flunder,fish & seafood,1555,388.87,335.0,215,27.8,26.06,0.0,0.4,73.09,292,400,532.5342465753424
garnelen,Garnelen,Shrimp,Garnelen,fish & seafood,5461,1023.87,970.0,287,27.8,26.06,0.0,0.3,56.37,301,533,1814.2857142857144
goldbrasse,Goldbrasse,Bream,Goldbrasse,fish & seafood,1035,413.87,360.0,135,27.8,26.06,0.0,0.64,185.1,463,250,223.54211663066957
heilbutt,Heilbutt,Halibut,Heilbutt,fish & seafood,1152,388.87,335.0,160,27.8,26.06,0.0,0.54,117.99,350,296,329.1428571428572
hering,Hering,Herring,Hering,fish & seafood,670,263.87,210.0,137,27.8,26.06,0.0,0.63,199.68,507,254,132.1499013806706
hummer,Hummer,Lobster,Hummer,fish & seafood,14648,2471.87,2418.0,319,27.8,26.06,0.0,0.27,31.5,187,593,7833.155080213904
kabeljau,Kabeljau,Cod,Kabeljau,fish & seafood,1912,513.87,460.0,200,27.8,26.06,0.0,0.43,76.91,286,372,668.5314685314685
krebse,Krebse,Crayfish,Krebse,fish & seafood,11985,2471.87,2418.0,261,27.8,26.06,0.0,0.33,47.17,229,485,5233.624454148472
lachs,Lachs,Salmon,Lachs,fish & seafood,1757,713.87,660.0,133,27.8,26.06,0.0,0.65,181.52,447,246,393.0648769574944
lachsforelle,Lachsforelle,Salmon trout,Lachs&shy;forelle,fish & seafood,1388,433.87,380.0,172,27.8,26.06,0.0,0.5,126.83,406,320,341.871921182266
makrele,Makrele,Mackerel,Makrele,fish & seafood,385,228.37,190.0,65,24.8,13.58,0.0,0.95,353.01,595,168,64.70588235294117
muscheln,Muscheln,Shellfish,Muscheln,fish & seafood,2169,338.87,285.0,345,27.8,26.06,0.0,0.25,38.37,246,640,881.7073170731708
pangasius,Pangasius,Shark catfish,Pangasius,fish & seafood,8658,1839.87,1786.0,254,27.8,26.06,0.0,0.34,65.68,309,471,2801.9417475728155
sardellen,Sardellen,Anchovies,Sardellen,fish & seafood,1197,388.87,335.0,166,27.8,26.06,0.0,0.52,113.0,348,308,343.9655172413793
schnapper,Schnapper,Lutjanidae,Schnapper,fish & seafood,1004,388.87,335.0,139,27.8,26.06,0.0,0.62,167.43,432,258,232.40740740740745
scholle,Scholle,Plaice,Scholle,fish & seafood,1353,388.87,335.0,187,27.8,26.06,0.0,0.46,85.75,298,348,454.0268456375839
seehecht,Seehecht,Hake,Seehecht,fish & seafood,1518,388.87,335.0,210,27.8,26.06,0.0,0.41,71.65,280,390,542.1428571428571
seelachs,Seelachs,Coalfish,Seelachs,fish & seafood,2055,513.87,460.0,215,27.8,26.06,0.0,0.4,71.18,285,400,721.0526315789474
thunfisch,Thunfisch,Tuna,Thunfisch,fish & seafood,1035,413.87,360.0,135,27.8,26.06,0.0,0.64,149.76,374,250,276.7379679144385
tilapia,Tilapia,Tilapia,Tilapia,fish & seafood,1409,413.87,360.0,183,27.8,26.06,0.0,0.47,101.27,345,340,408.40579710144925
wolfsbarsch,Wolfsbarsch,Sea ,Wolfsbarsch,fish & seafood,1324,413.87,360.0,172,27.8,26.06,0.0,0.5,104.0,333,320,397.5975975975976
zander,Zander,Pike perch,Zander,fish & seafood,528,148.37,110.0,136,24.8,13.58,0.0,0.45,81.69,290,356,182.06896551724137
ananas,Ananas,Pineapple,Ananas,fruits & berries,416,25.97,11.0,240,3.1,11.85,710.99,0.1,52.07,833,1600,49.93997599039616
aepfel,Äpfel,Apple,Äpfel,fruits & berries,323,22.19,20.0,32,2.2,0.0,0.0,0.11,55.45,807,1455,40.02478314745973
aprikosen,Aprikosen,Apricots,Aprikosen,fruits & berries,295,20.3,14.0,92,6.3,0.0,0.0,0.11,48.76,709,1455,41.60789844851904
bananen,Bananen,Bananas,Bananen,fruits & berries,409,40.91,17.0,239,9.4,14.5,0.0,0.16,96.32,963,1000,42.47144340602284
birnen,Birnen,Pears,Birnen,fruits & berries,530,36.47,25.0,167,11.5,0.0,0.0,0.11,54.2,788,1455,67.25888324873097
blaubeeren,Blaubeeren,Blueberries,Blau&shy;beeren,fruits & berries,672,46.19,44.0,32,2.2,0.0,0.0,0.11,50.96,741,1455,90.68825910931174
brombeeren,Brombeeren,Blackberries,Brom&shy;beeren,fruits & berries,643,44.19,42.0,32,2.2,0.0,0.0,0.11,44.19,643,1455,100.0
datteln,Datteln,Dates,Datteln,fruits & berries,1349,177.0,163.0,107,9.0,5.01,0.0,0.21,139.49,1063,762,126.9049858889934
erdbeeren,Erdbeeren,Strawberries,Erdbeeren,fruits & berries,423,26.44,16.0,167,10.4,0.0,0.0,0.1,38.69,619,1600,68.33602584814217
feigen,Feigen,Figs,Feigen,fruits & berries,567,49.61,43.0,76,3.5,3.08,184.71,0.14,75.0,857,1143,66.1610268378063
grapefruit,Grapefruit,Grapefruit,Grapefruit,fruits & berries,552,31.06,16.5,259,6.8,7.72,0.0,0.09,30.11,535,1778,103.17757009345794
himbeeren,Himbeeren,Raspberries,Himbeeren,fruits & berries,589,44.19,42.0,29,2.2,0.0,0.0,0.12,51.35,685,1333,85.98540145985402
kirschen,Kirschen,Cherry,Kirschen,fruits & berries,669,58.5,46.0,143,12.5,0.0,0.0,0.14,75.0,857,1143,78.0630105017503
kiwi,Kiwi,Kiwi,Kiwi,fruits & berries,821,63.62,46.5,221,8.0,9.08,545.01,0.124,54.73,706,1290,116.28895184135978
limette,Limette,Lime,Limette,fruits & berries,897,56.06,20.3,572,30.4,5.38,0.0,0.1,41.0,656,1600,136.7378048780488
mandarinen,Mandarinen,Tangerines,Manda&shy;rinen,fruits & berries,579,47.04,30.0,210,16.7,0.38,0.0,0.13,31.05,382,1231,151.57068062827224
mango,Mango,Mango,Mango,fruits & berries,430,32.24,11.4,278,10.8,10.08,604.74,0.12,63.0,840,1333,51.19047619047619
maracuja,Maracuja,Passion fruit,Maracuja,fruits & berries,707,75.14,54.3,196,10.8,10.08,604.74,0.17,76.0,715,941,98.88111888111888
melonen,Melonen,Melon,Melonen,fruits & berries,415,28.5,15.0,196,12.3,1.17,70.13,0.11,30.38,442,1455,93.89140271493213
nektarinen,Nektarinen,Nectarine,Nektarinen,fruits & berries,422,29.0,16.5,182,12.5,0.0,0.0,0.11,51.15,744,1455,56.72043010752688
obst,Obst,Fruit,Obst,fruits & berries,323,22.19,20.0,32,2.2,0.0,0.0,0.11,49.0,713,1455,45.3015427769986
orangen,Orangen,Oranges,Orangen,fruits & berries,626,43.05,16.5,386,26.6,0.0,0.0,0.11,44.22,643,1455,97.35614307931571
pfirsich,Pfirsich,Peach,Pfirsich,fruits & berries,696,43.5,31.0,200,12.5,0.0,0.0,0.1,48.0,768,1600,90.625
pflaumen,Pflaumen,Plums,Pflaumen,fruits & berries,467,32.1,14.0,263,17.3,0.83,0.0,0.11,48.76,709,1455,65.86741889985896
quitten,Quitten,Quince,Quitten,fruits & berries,434,27.13,20.0,114,7.1,0.0,0.0,0.1,40.87,654,1600,66.36085626911316
rhabarber,Rhabarber,Rhubarb,Rhabarber,fruits & berries,499,21.19,15.0,146,6.1,0.06,3.59,0.068,12.19,287,2353,173.86759581881532
rosinen,Rosinen,Raisins,Rosinen,fruits & berries,415,106.39,93.0,52,10.9,2.45,0.0,0.41,300.95,1174,390,35.34923339011925
sternfrucht,Sternfrucht,Starfruit,Sternfrucht,fruits & berries,1197,67.34,46.5,370,10.8,10.08,604.74,0.09,25.0,444,1778,269.5945945945946
trauben,Trauben,Grapes,Trauben,fruits & berries,378,30.72,27.0,46,3.5,0.24,14.33,0.13,67.18,827,1231,45.70737605804111
wassermelone,Wassermelone,Watermelon,Wasser&shy;melone,fruits & berries,456,28.5,15.0,216,12.3,1.17,70.13,0.1,24.65,394,1600,115.73604060913704
zitronen,Zitronen,Lemons,Zitronen,fruits & berries,997,56.06,20.3,636,30.4,5.38,0.0,0.09,22.47,399,1778,249.874686716792
erbsen,Erbsen,Peas,Erbsen,legumes,118,55.37,51.0,9,4.4,0.0,0.0,0.75,315.0,672,213,17.55952380952381
gruene_bohnen,Grüne Bohnen,Green beans,Grüne Bohnen,legumes,235,102.73,66.0,84,27.7,9.0,0.0,0.7,252.0,576,229,40.79861111111112
kichererbsen,Kichererbsen,Chickpeas,Kicher&shy;erbsen,legumes,228,105.26,76.0,63,20.8,8.43,0.0,0.74,327.0,707,216,32.24893917963225
kidneybohnen,Kidneybohnen,Kidney beans,Kidney&shy;bohnen,legumes,219,102.73,66.0,78,27.7,9.0,0.0,0.75,295.0,629,213,34.81717011128776
linsen,Linsen,Lentils,Linsen,legumes,186,100.98,66.0,64,23.6,11.38,0.0,0.87,347.0,638,184,29.153605015673985
mungbohne,Mungbohne,Mung bean,Mungbohne,legumes,220,27.53,13.0,116,13.3,1.24,0.0,0.2,54.93,439,800,50.11389521640091
rote_linsen,Rote Linsen,Red lentils,Rote Linsen,legumes,180,100.98,66.0,62,23.6,11.38,0.0,0.9,360.0,640,178,28.125
schwarze_bohnen,Schwarze Bohnen,Black beans,Schwarze Bohnen,legumes,198,102.73,66.0,71,27.7,9.0,0.0,0.83,367.0,707,193,28.005657708628007
soja,Soja,Soy,Soja,legumes,145,112.53,98.0,19,13.3,1.24,0.0,1.24,384.54,496,129,29.233870967741936
weisse_bohnen,Weiße Bohnen,White beans,Weiße Bohnen,legumes,216,102.73,66.0,77,27.7,9.0,0.0,0.76,324.0,682,211,31.67155425219941
buendnerfleisch,Bündnerfleisch,Air-dried meat,Bündnerfleisch,meat,12404,7287.17,7285.0,4,2.2,0.0,0.0,0.94,192.03,327,170,3793.272171253823
ente,Ente,Duck,Ente,meat,673,391.33,383.0,14,8.3,0.0,0.0,0.93,388.0,668,172,100.74850299401196
fleisch,Fleisch,Meat,Fleisch,meat,2393,942.19,940.0,6,2.2,0.0,0.0,0.63,160.27,407,254,587.960687960688
fohlen,Fohlen,Foal,Fohlen,meat,3372,1117.05,1086.0,94,15.0,16.01,0.0,0.53,103.66,313,302,1077.3162939297124
raeucherschinken,Räucherschinken,Smoked ham,Räucherschinken,meat,2039,1147.19,1145.0,4,2.2,0.0,0.0,0.9,228.81,407,178,500.982800982801
huhn_(brust),Hühnerbrust,Chicken (breast),Hühnerbrust,meat,2069,711.33,700.0,33,7.3,4.08,0.0,0.55,106.05,309,291,669.5792880258899
hirsch,Hirsch,Deer meat,Hirsch,meat,3075,1095.37,1090.0,15,5.4,0.0,0.0,0.57,122.29,343,281,896.5014577259475
huhn,Huhn,Chicken whole animal,Huhn,meat,894,279.33,268.0,36,7.3,4.08,0.0,0.5,125.57,402,320,222.38805970149252
huhn_(fluegel),Hühnerflügel,Chicken (wings),Hühnerflügel,meat,830,316.33,305.0,30,7.3,4.08,0.0,0.61,167.43,439,262,189.06605922551253
huhn_(schenkel),Hühnerschenkel,Chicken (leg),Hühnerschenkel,meat,817,311.33,300.0,30,7.3,4.08,0.0,0.61,167.43,439,262,186.10478359908885
huehnerfleisch,Suppenhuhn,Chicken,Suppenhuhn,meat,1184,451.33,440.0,30,7.3,4.08,0.0,0.61,167.43,439,262,269.70387243735763
kalb,Kalb,Veal,Kalb,meat,7925,2823.44,2821.0,7,2.4,0.0,0.0,0.57,128.02,359,281,2207.5208913649026
kalb_(brust),Kalbsbrust,Veal (breast),Kalbsbrust,meat,3820,1599.44,1597.0,6,2.4,0.0,0.0,0.67,202.54,484,239,789.2561983471074
kalb_(filet),Kalbsfilet,Veal (filet),Kalbsfilet,meat,18779,6455.44,6453.0,7,2.4,0.0,0.0,0.55,119.66,348,291,5396.264367816092
kalb_(geschnetzeltes),Kalbsgeschnetzeltes,Veal (cut intro stripes),Kalbsgeschnetzeltes,meat,9384,3108.44,3106.0,7,2.4,0.0,0.0,0.53,99.12,299,302,3138.4615384615386
kalb_(hackfleisch),Kalbshack,Veal (ground meat),Kalbshack,meat,6915,2247.44,2245.0,8,2.4,0.0,0.0,0.52,104.38,321,308,2154.205607476636
kalb_(halsbraten),Kalbsbraten,Veal (neck),Kalbsbraten,meat,5898,2027.44,2025.0,7,2.4,0.0,0.0,0.55,134.0,390,291,1512.3076923076924
kalb_(haxen),Kalbshaxen,Veal (leg),Kalbshaxen,meat,5642,1939.44,1937.0,7,2.4,0.0,0.0,0.55,123.01,358,291,1575.977653631285
kalb_(kotelett),Kalbskotelett,Veal (chop of meat),Kalbskotelett,meat,11790,4568.44,4566.0,6,2.4,0.0,0.0,0.62,160.98,415,258,2840.9638554216867
kalb_(leber),Kalbsleber,Veal (liver),Kalbsleber,meat,3405,1170.44,1168.0,7,2.4,0.0,0.0,0.55,135.43,394,291,864.2131979695431
kalb_(ragout),Kalbsragout,Veal (ragout),Kalbsragout,meat,7051,2247.44,2245.0,8,2.4,0.0,0.0,0.51,102.46,321,314,2196.5732087227416
kalb_(schnitzel),Kalbsschnitzel,Veal (schnitzel),Kalbsschnitzel,meat,13553,4489.44,4487.0,7,2.4,0.0,0.0,0.53,99.12,299,302,4532.775919732441
kalb_(schulterbraten),Kalb (Schulterbraten),Veal (shoulder),Kalb (Schulterbraten),meat,6971,2396.44,2394.0,7,2.4,0.0,0.0,0.55,124.44,362,291,1925.6906077348067
kalb_(steak),Kalbsteak,Veal (steak),Kalbsteak,meat,15605,5559.44,5557.0,7,2.4,0.0,0.0,0.57,113.69,319,281,4891.849529780564
kalb_(wurstfleisch),Kalbswurst,Veal (sausage),Kalbswurst,meat,2973,1170.44,1168.0,6,2.4,0.0,0.0,0.63,225.23,572,254,519.7552447552448
kaenguru,Känguru,Kangaroo meat,Känguru,meat,873,338.13,298.0,104,8.2,31.91,0.0,0.62,158.35,409,258,213.44743276283617
kaninchenfleisch,Kaninchen,Rabbit meat,Kaninchen,meat,1761,660.37,655.0,14,5.4,0.0,0.0,0.6,149.52,399,267,441.3533834586466
lamm,Lamm,Lamb,Lamm,meat,3382,1120.24,1090.0,91,8.6,21.6,0.0,0.53,112.97,341,302,991.7888563049852
lamm_(fleisch_ohne_knochen),Lamm (Fleisch ohne Knochen),Lamb (meat without bones),Lamm (Fleisch ohne Knochen),meat,2063,1120.24,1090.0,56,8.6,21.6,0.0,0.869,112.97,208,184,991.8269230769232
lamm_(hals_und_brust),Lamm (Hals und Brust),Lamb (neck and breast),Lamm (Hals und Brust),meat,2500,781.24,751.0,97,8.6,21.6,0.0,0.5,153.82,492,320,508.130081300813
lamm_(keule),Lammkeule,Lamb (leg),Lammkeule,meat,2918,1094.24,1064.0,81,8.6,21.6,0.0,0.6,153.82,410,267,711.7073170731708
lamm_(kotelett),Lammkotelett,Lamb (chop of meat),Lammkotelett,meat,3300,1720.24,1690.0,58,8.6,21.6,0.0,0.834,112.97,217,192,1520.73732718894
lamm_(ruecken),Lammrücken,Lamb (back),Lammrücken,meat,2946,1031.24,1001.0,86,8.6,21.6,0.0,0.56,117.75,336,286,876.7857142857143
lamm_(schulter),Lammschulter,Lamb (shoulder),Lammschulter,meat,2536,1046.24,1016.0,73,8.6,21.6,0.0,0.66,187.49,455,242,557.3626373626373
pferd,Pferd,Horse,Pferd,meat,5087,1685.05,1654.0,94,15.0,16.01,0.0,0.53,103.66,313,302,1625.2396166134183
quorn,Quorn,Quorn,Quorn,vegetables & mushrooms,1045,273.0,260.0,50,13.0,0.0,0.0,0.418,114.0,436,383,239.6788990825688
rind,Rind,Beef,Rind,meat,5003,1688.44,1686.0,7,2.4,0.0,0.0,0.54,103.42,306,296,1634.967320261438
rind_(filet),Rinderfilet,Beef (filet),Rinderfilet,meat,16526,5577.44,5575.0,7,2.4,0.0,0.0,0.54,106.53,316,296,5229.7468354430375
rind_(geschnetzeltes),Rindergeschnetzeltes,Beef (cut intro stripes),Rindergeschnetzeltes,meat,5290,1785.44,1783.0,7,2.4,0.0,0.0,0.54,103.42,306,296,1728.7581699346406
rind_(hinterkeule),Rinderkeule,Beef (back leg),Rinderkeule,meat,5284,1849.44,1847.0,7,2.4,0.0,0.0,0.56,117.75,336,286,1572.6190476190477
rind_(hohruecken),Rind (Hohrücken),Beef (rib eye),Rind (Hohrücken),meat,6909,2763.44,2761.0,6,2.4,0.0,0.0,0.64,165.28,413,250,1672.8813559322034
rind_(huefte),Rinderhüfte,Beef (hip or round),Rinderhüfte,meat,8450,3221.44,3219.0,6,2.4,0.0,0.0,0.61,133.99,351,262,2407.4074074074074
rind_(kopf_und_fuesse),Rind (Kopf und Füße),Beef (head and feet),Rind (Kopf und Füße),meat,1841,621.44,619.0,7,2.4,0.0,0.0,0.54,103.42,306,296,601.6339869281046
rind_(ragout),Rinderragout,Beef (ragout),Rinderragout,meat,4112,1336.44,1334.0,8,2.4,0.0,0.0,0.52,97.45,300,308,1370.6666666666667
rind_(roastbeef),Roastbeef,Beef (roastbeef),Roastbeef,meat,11298,3954.44,3952.0,7,2.4,0.0,0.0,0.56,117.75,336,286,3362.5
rind_(schnitzel),Rinderschnitzel,Beef (schnitzel),Rinderschnitzel,meat,6430,2250.44,2248.0,7,2.4,0.0,0.0,0.56,112.02,320,286,2009.375
rind_(schulterbraten),Rinderschulterbraten,Beef (shoulder),Rinderschulterbraten,meat,4518,1581.44,1579.0,7,2.4,0.0,0.0,0.56,117.75,336,286,1344.642857142857
rind_(wurstfleisch),Rindswurst,Beef (sausage),Rindswurst,meat,1841,621.44,619.0,7,2.4,0.0,0.0,0.54,103.42,306,296,601.6339869281046
rind_(hackfleisch),Rinderhack,Beef (ground meat),Rinder&shy;hack,meat,2543,985.44,983.0,6,2.4,0.0,0.0,0.62,154.06,398,258,638.9447236180905
rind_(innereien),Rind (Innereien),Beef (innards),Rind (Innereien),meat,2762,621.44,619.0,11,2.4,0.0,0.0,0.36,85.27,379,444,728.759894459103
rind_(siedfleisch),Rindersuppenfleisch,Beef (boiling meat),Rindersuppenfleisch,meat,2465,1124.44,1122.0,5,2.4,0.0,0.0,0.73,225.95,495,219,497.979797979798
rohschinken,Rohschinken,Prosciutto,Rohschinken,meat,3599,1147.19,1145.0,7,2.2,0.0,0.0,0.51,105.09,330,314,1090.6060606060605
salami,Salami,Salami,Salami,meat,1048,812.19,810.0,3,2.2,0.0,0.0,1.24,482.47,623,129,168.2182985553772
schinken,Schinken,Ham,Schinken,meat,3599,1147.19,1145.0,7,2.2,0.0,0.0,0.51,105.09,330,314,1090.6060606060605
schwein,Schwein,Pork,Schwein,meat,1786,692.19,690.0,6,2.2,0.0,0.0,0.62,158.35,409,258,436.6748166259169
schwein_(brust),Schwein (Brust),Pork (breast),Schwein (Brust),meat,1557,710.19,708.0,5,2.2,0.0,0.0,0.73,236.94,519,219,300.0
schwein_(filet),Schweinefilet,Pork (filet),Schweine&shy;filet,meat,6008,2140.19,2138.0,6,2.2,0.0,0.0,0.57,122.05,343,281,1751.603498542274
schwein_(geschnetzeltes),Schweinegeschnetzeltes,Pork (cut intro stripes),Schweinegeschnetzeltes,meat,1838,666.19,664.0,6,2.2,0.0,0.0,0.58,134.23,370,276,496.7567567567568
schwein_(hackfleisch),Schweinshack,Pork (ground meat),Schweinshack,meat,1719,666.19,664.0,6,2.2,0.0,0.0,0.62,158.35,409,258,420.29339853300735
schwein_(halsbraten),Schwein (Halsbraten),Pork (neck),Schwein (Halsbraten),meat,2280,969.19,967.0,5,2.2,0.0,0.0,0.68,201.35,474,235,481.0126582278481
schwein_(kotelett),Schweinekotelett,Pork (chop of meat),Schweinekotelett,meat,2993,1141.19,1139.0,6,2.2,0.0,0.0,0.61,138.05,362,262,826.7955801104972
"schwein_(ragout,_haxen)",Schweinshaxen,Pork (ragout),Schweinshaxen,meat,1492,671.19,669.0,5,2.2,0.0,0.0,0.72,181.28,403,222,370.2233250620348
schwein_(schnitzel),Schweineschnitzel,Pork (schnitzel),Schweineschnitzel,meat,2280,969.19,967.0,5,2.2,0.0,0.0,0.68,201.35,474,235,481.0126582278481
schwein_(schulterbraten),Schweinsbraten,Pork (shoulder),Schweinsbraten,meat,2194,987.19,985.0,5,2.2,0.0,0.0,0.72,181.28,403,222,544.4168734491315
schwein_(schwarte),Schweineschwarte,Pork (rind),Schweineschwarte,meat,950,439.19,437.0,5,2.2,0.0,0.0,0.74,250.0,541,216,175.6007393715342
schwein_(wurstfleisch),Schweinswurst,Pork (sausage),Schweinswurst,meat,1004,439.19,437.0,5,2.2,0.0,0.0,0.7,234.07,535,229,187.6635514018692
schwein_(lendenkotelett),Schweinskotelett,Pork (loin chop),Schweinskotelett,meat,2993,1141.19,1139.0,6,2.2,0.0,0.0,0.61,138.05,362,262,826.7955801104972
schweineschmalz,Schweineschmalz,Lard,Schweineschmalz,meat,580,605.19,603.0,2,2.2,0.0,0.0,1.67,874.18,838,96,69.21241050119332
seitan,Seitan,Seitan,Seitan,starches & bread,478,143.37,105.0,128,24.8,13.58,0.0,0.48,92.0,307,333,155.70032573289902
speck,Speck,Bacon,Speck,meat,896,604.95,603.0,3,2.0,0.0,0.0,1.08,396.48,587,148,152.6405451448041
strauss,Strauß,Ostrich,Strauß,meat,3043,1065.01,1036.0,83,12.5,16.54,0.0,0.56,108.8,311,286,978.4565916398714
tempeh,Tempeh,Tempeh,Tempeh,legumes,516,148.37,110.0,133,24.8,13.58,0.0,0.46,150.47,523,348,98.66156787762908
tofu,Tofu,Tofu,Tofu,legumes,643,120.53,106.0,77,13.3,1.24,0.0,0.3,80.49,429,533,149.88344988344988
truthuhn,Truthahn,Turkey,Truthahn,meat,1267,451.33,440.0,32,7.3,4.08,0.0,0.57,108.91,306,281,414.0522875816994
wildschwein,Wildschwein,Wild boar,Wildschwein,meat,2172,692.19,690.0,7,2.2,0.0,0.0,0.51,109.15,342,314,635.0877192982456
ziegenfleisch,Ziege,Goat meat,Ziege,meat,2966,1093.89,1090.0,11,3.9,0.0,0.0,0.59,149.04,404,271,734.1584158415842
cashewkerne,Cashewkerne,Cashews,Cashewkerne,nuts & seeds,420,338.92,310.0,36,21.2,7.72,0.0,1.29,587.56,729,124,57.61316872427984
chiasamen,Chiasamen,Chia,Chiasamen,nuts & seeds,139,92.0,81.0,17,11.0,0.0,0.0,1.06,485.81,733,151,18.963165075034105
disteloel,Distelöl,Safflower oil,Distelöl,nuts & seeds,239,227.13,200.0,29,24.0,3.16,0.0,1.52,792.97,835,105,28.622754491017965
erdnussbutter,Erdnussbutter,Peanut butter,Erdnussbutter,legumes,210,181.23,177.33,5,3.9,0.0,0.0,1.38,581.99,675,116,31.11111111111111
erdnuesse,Erdnüsse,Peanuts,Erdnüsse,legumes,234,211.79,170.0,46,35.0,6.75,0.0,1.45,594.73,656,110,35.670731707317074
erdnussoel,Erdnussöl,Peanut oil,Erdnussöl,legumes,485,463.32,424.0,41,37.5,1.83,0.0,1.53,795.36,832,105,58.29326923076923
haselnuesse,Haselnüsse,Hazelnuts,Hasel&shy;nüsse,nuts & seeds,309,270.43,245.0,29,25.2,0.2,0.0,1.4,632.94,723,114,42.738589211618255
haselnussoel,Haselnussöl,Hazelnut oil,Haselnussöl,nuts & seeds,436,463.32,424.0,37,37.5,1.83,0.0,1.7,902.84,850,94,51.294117647058826
kakaobutter,Kakaobutter,Cocoa butter,Kakao&shy;butter,nuts & seeds,113,118.79,101.07,17,10.9,6.78,0.0,1.68,881.0,839,95,13.468414779499405
kakaomasse,Kakaomasse,Cocoa paste,Kakaomasse,nuts & seeds,99,77.76,60.04,23,10.9,6.78,0.0,1.26,630.0,800,127,12.375
kokosnuss,Kokosnuss,Coconut,Kokosnuss,nuts & seeds,219,181.92,153.0,35,21.2,7.72,0.0,1.33,667.0,802,120,27.306733167082296
kokosnussoel,Kokosnussöl,Coconut oil,Kokosnussöl,nuts & seeds,263,275.92,247.0,28,21.2,7.72,0.0,1.68,878.95,837,95,31.42174432497013
kokosraspeln,Kokosraspeln,Desiccated coconut,Kokos&shy;raspeln,nuts & seeds,290,166.92,138.0,50,21.2,7.72,0.0,0.92,473.23,823,174,35.23693803159174
kuerbiskerne,Kürbiskerne,Pumpkin seeds,Kürbis&shy;kerne,nuts & seeds,171,169.1,166.0,3,3.1,0.0,0.0,1.58,597.11,605,101,28.264462809917354
leinsamen,Leinsamen,Linseed,Leinsamen,nuts & seeds,208,141.57,117.0,36,23.8,0.82,0.0,1.09,465.75,684,147,30.4093567251462
mandeln,Mandeln,Almonds,Mandeln,nuts & seeds,250,212.33,188.0,29,13.7,10.65,0.0,1.36,568.45,669,118,37.369207772795214
nuesse,Nüsse,Nuts,Nüsse,nuts & seeds,313,267.79,226.0,49,35.0,6.75,0.0,1.37,592.34,692,117,45.23121387283237
oliven,Oliven,Olives,Oliven,vegetables & mushrooms,482,87.43,71.0,91,16.4,0.0,0.0,0.29,123.0,679,552,70.98674521354934
olivenoel,Olivenöl,Olive oil,Olivenöl,vegetables & mushrooms,461,441.15,428.0,14,13.1,0.03,0.0,1.53,795.36,832,105,55.40865384615385
palmoel,Palmöl,Palm oil,Palmöl,fruits & berries,397,375.14,357.0,19,6.8,11.3,0.0,1.51,785.8,833,106,47.65906362545018
pflanzliches_oel,Pflanzliches Öl,Vegetable fat,Pflanzliches Öl,nuts & seeds,315,301.37,263.0,40,24.8,13.58,0.0,1.53,795.36,832,105,37.86057692307692
pinienkerne,Pinienkerne,Pine nuts,Pinien&shy;kerne,nuts & seeds,265,251.79,210.0,44,35.0,6.75,0.0,1.52,587.56,618,105,42.88025889967638
pistazien,Pistazien,Pistachios,Pistazien,nuts & seeds,496,406.47,383.0,29,20.0,3.5,0.0,1.31,566.0,691,122,71.78002894356005
rapsoel,Rapsöl,Rapeseed oil,Rapsöl,nuts & seeds,209,199.7,197.0,3,2.7,0.0,0.0,1.53,795.36,832,105,25.120192307692307
sesam,Sesam,Sesame,Sesam,nuts & seeds,253,208.92,180.0,35,21.2,7.72,0.0,1.32,582.78,706,121,35.8356940509915
sesamoel,Sesamöl,Sesame oil,Sesamöl,nuts & seeds,288,301.94,267.0,33,30.5,4.44,0.0,1.68,887.07,845,95,34.082840236686394
sojaoel,Sojaöl,Soybean oil,Sojaöl,legumes,824,787.9,782.0,6,5.9,0.0,0.0,1.53,795.36,832,105,99.03846153846152
sonnenblumenkerne,Sonnenblumenkerne,Sunflower seeds,Sonnen&shy;blumen&shy;kerne,nuts & seeds,103,92.0,81.0,12,11.0,0.0,0.0,1.43,618.61,692,112,14.884393063583817
sonnenblumenoel,Sonnenblumenöl,Sunflower oil,Sonnenblumenöl,nuts & seeds,303,289.36,269.0,21,12.3,8.05,0.0,1.53,795.36,832,105,36.41826923076923
tierfett,Tierfett,Animal fat,Tierfett,meat,882,683.86,681.0,4,2.9,0.0,0.0,1.24,652.05,841,129,104.87514863258026
traubenkernoel,Traubenkernöl,Grapeseed oil,Traubenkernöl,nuts & seeds,288,301.94,267.0,33,30.5,4.44,0.0,1.68,881.0,839,95,34.32657926102503
walnuesse,Walnüsse,Walnuts,Walnüsse,nuts & seeds,216,213.43,210.0,3,3.3,0.16,0.0,1.58,730.87,740,101,29.18918918918919
walnussoel,Walnussöl,Walnut oil,Walnussöl,nuts & seeds,551,578.62,539.3,37,37.5,1.83,0.0,1.68,880.0,838,95,65.75178997613365
ahornsirup,Ahornsirup,Maple syrup,Ahornsirup,spices & condiments,469,117.35,110.0,29,5.3,2.02,0.0,0.4,353.49,1414,400,33.16831683168317
anis,Anis,Anise,Anis,spices & condiments,201,63.95,30.0,107,33.7,0.3,0.0,0.51,180.0,565,314,35.575221238938056
apfelessig,Apfelessig,Apple cider vinegar,Apfelessig,spices & condiments,6720,294.0,290.0,91,4.0,0.0,0.0,0.07,26.03,595,2286,1129.4117647058824
apfelpektin,Apfelpektin,Apple pectin,Apfelpektin,spices & condiments,1345,327.95,326.0,8,2.0,0.0,0.0,0.39,324.83,1333,410,100.90022505626406
backpulver,Backpulver,Baking powder,Backpulver,spices & condiments,1214,129.0,112.0,160,15.0,2.0,0.0,0.17,0.0,0,941,inf
balsamico_essig,Balsamico Essig,Balsamic vinegar,Balsamico Essig,spices & condiments,2949,147.44,137.0,209,9.3,1.1,0.0,0.08,32.01,640,2000,460.78125
baerlauch,Bärlauch,Wild garlic,Bärlauch,spices & condiments,1402,41.19,35.0,211,6.1,0.06,3.59,0.047,16.0,545,3404,257.2477064220183
basilikum,Basilikum,Basil,Basilikum,spices & condiments,339,31.81,21.0,115,7.8,3.0,179.77,0.15,46.34,494,1067,68.62348178137651
bohnenkraut,Bohnenkraut,Savory,Bohnenkraut,spices & condiments,283,31.81,21.0,96,7.8,3.0,179.77,0.18,44.0,391,889,72.37851662404093
chili,Chili,Chili,Chili,spices & condiments,755,56.65,44.0,169,11.2,1.41,84.6,0.12,47.53,634,1333,119.08517350157727
chilisauce,Chilisauce,Tabasco,Chilisauce,spices & condiments,4799,239.96,220.0,399,19.4,0.52,0.0,0.08,12.0,240,2000,1999.5833333333333
curry,Curry,Curry,Curry,spices & condiments,150,64.53,30.0,80,34.1,0.46,0.0,0.69,275.15,638,232,23.510971786833856
currypaste,Currypaste,Curry paste,Currypaste,spices & condiments,938,128.92,90.55,279,24.8,13.58,0.0,0.22,100.0,727,727,129.02338376891333
dill,Dill,Dill,Dill,spices & condiments,243,25.81,15.0,102,7.8,3.0,179.77,0.17,57.8,544,941,44.669117647058826
fenchelsamen,Fenchelsamen,Fennel seeds,Fenchelsamen,spices & condiments,322,102.63,96.0,21,6.6,0.0,0.0,0.51,180.0,565,314,56.991150442477874
galgant,Galgant,Galangal,Galgant,spices & condiments,544,54.36,30.0,244,8.2,16.15,0.0,0.16,81.0,810,1000,67.1604938271605
garnelenpaste,Garnelenpaste,Shrimp paste,Garnelenpaste,spices & condiments,1536,883.37,845.0,67,24.8,13.58,0.0,0.92,208.0,362,174,424.30939226519337
gelatine,Gelatine,Gelatin,Gelatine,spices & condiments,218,257.37,219.0,32,24.8,13.58,0.0,1.89,353.73,299,85,72.90969899665552
gemuesebruehe,Gemüsebrühe,Vegetable stock,Gemüsebrühe,spices & condiments,497,205.05,203.0,5,2.1,0.0,0.0,0.66,238.0,577,242,86.13518197573657
gerstenmalzextrakt,Gerstenmalzextrakt,Barley malt extract,Gerstenmalzextrakt,spices & condiments,319,81.85,79.0,11,2.9,0.0,0.0,0.41,283.99,1108,390,28.790613718411556
gewuerze,Gewürze,Spices,Gewürze,spices & condiments,202,64.53,30.0,108,34.1,0.46,0.0,0.51,180.0,565,314,35.75221238938053
hefe,Hefe,Yeast (fresh),Hefe,spices & condiments,274,75.45,73.4,7,2.1,0.0,0.0,0.44,96.02,349,364,78.51002865329512
himbeeressig,Himbeeressig,Raspberry vinegar,Himbeeressig,spices & condiments,5764,252.19,250.0,50,2.2,0.0,0.0,0.07,22.45,513,2286,1123.5867446393763
honig,Honig,Honey,Honig,spices & condiments,413,93.03,75.0,80,9.4,8.61,0.0,0.36,310.5,1380,444,29.92753623188406
ingwer,Ingwer,Ginger,Ingwer,spices & condiments,544,54.36,30.0,244,8.2,16.15,0.0,0.16,81.0,810,1000,67.1604938271605
kakaopulver,Kakaopulver,Cocoa powder,Kakaopulver,spices & condiments,92,57.81,40.09,28,10.9,6.78,0.0,1.0,403.65,646,160,14.241486068111454
kapern,Kapern,Capers,Kapern,spices & condiments,1535,105.53,71.0,502,34.1,0.46,0.0,0.11,22.36,325,1455,472.3076923076923
kardamom,Kardamom,Cardamom,Kardamom,spices & condiments,165,64.53,30.0,88,34.1,0.46,0.0,0.625,321.0,822,256,20.072992700729927
kartoffelstaerke,Kartoffelstärke,Starch (potato),Kartoffelstärke,spices & condiments,600,150.11,148.0,8,2.0,0.1,0.0,0.4,341.55,1366,400,43.92386530014641
kerbel,Kerbel,Chervil,Kerbel,spices & condiments,217,21.19,15.0,63,6.1,0.06,3.59,0.156,19.12,196,1026,110.71428571428572
ketchup,Ketchup,Ketchup,Ketchup,spices & condiments,910,113.8,96.8,136,15.0,2.0,0.0,0.2,118.95,952,800,95.58823529411764
koriander,Koriander,Coriander,Koriander,spices & condiments,599,41.15,30.0,162,8.8,2.37,142.05,0.11,21.97,320,1455,187.1875
kraeuter,Kräuter,Herbs,Kräuter,spices & condiments,574,64.53,30.0,307,34.1,0.46,0.0,0.18,44.0,391,889,146.80306905370844
kraeutertee,Kräutertee,Herbal tea,Kräutertee,beverages,7152,178.79,154.0,992,24.8,0.0,0.0,0.04,0.0,0,4000,inf
kreuzkuemmel,Kreuzkümmel,Cumin,Kreuzkümmel,spices & condiments,109,64.53,30.0,58,34.1,0.46,0.0,0.946,405.0,685,169,15.912408759124087
kurkuma,Kurkuma,Turmeric,Kurkuma,spices & condiments,188,64.53,30.0,101,34.1,0.46,0.0,0.549,291.0,848,291,22.16981132075472
limettensaft,Limettensaft,Lime juice,Limettensaft,spices & condiments,3894,170.38,162.2,187,8.2,0.0,0.0,0.07,24.0,549,2286,709.2896174863388
lorbeer,Lorbeer,Laurel,Lorbeer,spices & condiments,283,31.81,21.0,96,7.8,3.0,179.77,0.18,44.0,391,889,72.37851662404093
liebstoeckel,Liebstöckel,Lovage,Liebstöckel,spices & condiments,188,21.19,15.0,55,6.1,0.06,3.59,0.18,44.0,391,889,48.08184143222506
majoran,Majoran,Marjoram,Majoran,spices & condiments,283,31.81,21.0,96,7.8,3.0,179.77,0.18,44.0,391,889,72.37851662404093
mangomark,Mangomark,Mango pulp,Mangomark,spices & condiments,625,46.84,26.0,278,10.8,10.08,604.74,0.12,58.01,773,1333,80.85381630012937
marmelade,Marmelade,Jam,Marmelade,spices & condiments,795,154.0,131.0,119,18.0,5.0,0.0,0.31,248.4,1282,516,62.01248049921997
mayonnaise,Mayonnaise,Mayonnaise,Mayonnaise,spices & condiments,217,191.37,153.0,44,24.8,13.58,0.0,1.41,728.48,827,113,26.239419588875453
melasse,Melasse,Molasses,Melasse,spices & condiments,536,117.35,110.0,34,5.3,2.02,0.0,0.35,277.06,1267,457,42.30465666929755
milchschokolade,Milchschokolade,Chocolate (milk),Milchschokolade,spices & condiments,650,377.72,360.0,30,10.9,6.78,0.0,0.93,535.01,920,172,70.65217391304348
minze,Minze,Mint,Minze,spices & condiments,318,31.81,21.0,108,7.8,3.0,179.77,0.16,48.96,490,1000,64.89795918367346
muskat,Muskat,Nutmeg,Muskat,spices & condiments,408,244.61,226.0,31,6.8,11.77,0.0,0.96,537.64,896,167,45.535714285714285
nelken,Nelken,Cloves,Nelken,spices & condiments,83,26.46,13.7,40,6.3,6.43,385.97,0.51,431.0,1352,314,6.1390532544378695
oregano,Oregano,Oregano,Oregano,spices & condiments,283,28.81,18.0,106,7.8,3.0,179.77,0.163,63.18,620,982,45.64516129032258
paprikapulver,Paprikapulver,Paprika (powder),Paprikapulver,spices & condiments,871,421.41,406.0,32,14.7,0.75,44.97,0.774,356.0,736,207,118.34239130434784
petersilie,Petersilie,Parsley,Petersilie,spices & condiments,243,25.81,15.0,102,7.8,3.0,179.77,0.17,56.13,528,941,46.02272727272727
pfeffer,Pfeffer,Pepper,Pfeffer,spices & condiments,2024,531.38,417.0,436,113.6,0.78,0.0,0.42,76.0,290,381,697.9310344827586
reisessig,Reisessig,Rice vinegar,Reisessig,spices & condiments,8077,353.37,315.0,877,24.8,13.58,0.0,0.07,22.45,513,2286,1574.4639376218324
rosmarin,Rosmarin,Rosemary,Rosmarin,spices & condiments,354,31.0,18.0,149,13.0,0.0,0.0,0.14,62.1,710,1143,49.85915492957746
safran,Safran,Saffron,Safran,spices & condiments,215,68.5,30.0,121,37.6,0.92,0.0,0.51,180.0,565,314,38.05309734513274
salbei,Salbei,Sage,Salbei,spices & condiments,425,39.81,29.0,115,7.8,3.0,179.77,0.15,58.04,619,1067,68.65912762520193
salz,Salz,Salt,Salz,spices & condiments,301,32.0,20.0,113,10.0,2.0,0.0,0.17,0.0,0,941,inf
sambal_oelek,Sambal Oelek,Sambal oelek,Sambal Oelek,spices & condiments,1405,105.37,67.0,512,24.8,13.58,0.0,0.12,28.0,373,1333,376.6756032171582
schnittlauch,Schnittlauch,Chives,Schnittlauch,spices & condiments,466,37.87,35.0,35,2.4,0.43,25.82,0.13,29.62,365,1231,127.67123287671232
dunkle_schokolade,Dunkle Schokolade,Chocolate (dark),Dunkle Schokolade,spices & condiments,401,228.0,210.0,32,15.0,3.0,0.0,0.91,532.63,936,176,42.84188034188034
senf,Senf,Mustard,Senf,spices & condiments,492,110.81,70.0,181,21.9,18.87,0.0,0.36,142.0,631,444,77.97147385103011
senfsamen,Senfsamen,Mustard seeds,Senfsamen,spices & condiments,593,478.44,417.0,76,24.6,36.89,0.0,1.29,509.7,632,124,93.82911392405065
sherry-essig,Sherry-Essig,Sherry vinegar,Sherry-Essig,spices & condiments,6785,296.84,290.0,156,6.8,0.0,0.0,0.07,22.45,513,2286,1322.6120857699805
sojasauce,Sojasauce,Soy sauce,Sojasauce,spices & condiments,827,134.37,96.0,236,24.8,13.58,0.0,0.26,60.0,369,615,224.11924119241192
maisstaerke,Maisstärke,Starch (corn),Maisstärke,spices & condiments,471,120.62,117.0,14,3.6,0.0,0.0,0.41,360.66,1407,390,33.47547974413646
sternanis,Sternanis,Star anise,Sternanis,spices & condiments,201,63.95,30.0,107,33.7,0.3,0.0,0.51,180.0,565,314,35.575221238938056
suesse_paprika,Süße Paprika,Sweet paprika,Süße Paprika,spices & condiments,202,64.53,30.0,108,34.1,0.46,0.0,0.51,180.0,565,314,35.75221238938053
suessholz,Süssholz,Licorice,Süssholz,spices & condiments,215,64.53,30.0,115,34.1,0.46,0.0,0.481,359.0,1194,333,18.00670016750419
tamarinde,Tamarinde,Tamarind,Tamarinde,spices & condiments,1349,177.0,163.0,107,9.0,5.01,0.0,0.21,139.0,1059,762,127.38432483474976
thymian,Thymian,Thyme,Thymian,spices & condiments,382,31.0,18.0,160,13.0,0.0,0.0,0.13,52.55,647,1231,59.041731066460585
tomatenkonzentrat,Tomatenkonzentrat,Tomato paste,Tomatenkonzentrat,spices & condiments,1386,173.2,165.0,66,8.2,0.0,0.0,0.2,78.0,624,800,222.1153846153846
tomatensauce,Tomatensauce,Tomato sauce,Tomatensauce,spices & condiments,932,93.2,85.0,82,8.2,0.0,0.0,0.16,68.79,688,1000,135.46511627906978
traubenzucker,Traubenzucker,Dextrose,Traubenzucker,spices & condiments,1731,476.02,474.0,7,2.0,0.0,0.0,0.44,399.0,1451,364,119.29703652653345
vanilleschoten,Vanilleschoten,Vanilla beans,Vanilleschoten,spices & condiments,13094,1391.28,1341.0,473,38.7,11.61,0.0,0.17,0.0,0,941,inf
wacholderbeeren,Wacholderbeeren,Juniper berries,Wacholderbeeren,spices & condiments,672,46.19,44.0,32,2.2,0.0,0.0,0.11,37.69,548,1455,122.62773722627738
weisse_schokolade,Weiße Schokolade,Chocolate (white),Weiße Schokolade,spices & condiments,691,427.72,410.0,29,10.9,6.78,0.0,0.99,566.06,915,162,75.51912568306011
weissweinessig,Weißweinessig,White wine vinegar,Weißweinessig,spices & condiments,3370,147.44,137.0,239,9.3,1.1,0.0,0.07,22.45,513,2286,656.9200779727096
weizenstaerke,Weizenstärke,Starch (wheat),Weizenstärke,spices & condiments,333,85.35,78.0,29,5.3,2.02,0.0,0.41,353.49,1379,390,24.14793328498912
wermut,Wermut,Vermouth,Wermut,spices & condiments,2734,290.44,280.0,98,9.3,1.1,0.0,0.17,139.01,1308,941,209.02140672782875
zimt,Zimt,Cinnamon,Zimt,spices & condiments,294,64.25,30.0,157,28.2,6.02,0.0,0.35,147.0,672,457,43.75
zitronenmelisse,Zitronenmelisse,Lemon balm,Zitronenmelisse,spices & condiments,283,31.81,21.0,96,7.8,3.0,179.77,0.18,29.92,266,889,106.39097744360902
zitronensaft,Zitronensaft,Lemon juice,Zitronensaft,spices & condiments,3404,170.18,162.0,164,8.2,0.0,0.0,0.08,29.86,597,2000,570.1842546063651
zucker_(rohr),Zucker (Rohr),Sugar (sugar cane),Zucker (Rohr),spices & condiments,450,126.53,112.0,52,13.3,1.24,0.0,0.45,406.04,1444,356,31.16343490304709
zucker_(rueben),Zucker (Rüben),Sugar (sugar beet),Zucker (Rüben),spices & condiments,132,37.02,35.0,7,2.0,0.0,0.0,0.45,406.04,1444,356,9.141274238227147
amaranth,Amaranth,Amaranth,Amaranth,starches & bread,84,36.95,35.0,4,2.0,0.0,0.0,0.7,369.0,843,229,9.9644128113879
basmatireis,Basmatireis,Basmati rice,Basmatireis,starches & bread,933,303.37,265.0,118,24.8,13.58,0.0,0.52,353.49,1088,308,85.75367647058823
blaetterteig,Blätterteig,Puff pastry (vegetable fats),Blätterteig,starches & bread,260,108.85,101.5,18,5.3,2.02,0.0,0.67,355.88,850,239,30.58823529411765
brot,Brot,Bread,Brot,starches & bread,343,94.35,87.0,27,5.3,2.02,0.0,0.44,246.01,895,364,38.32402234636872
buchweizen,Buchweizen,Buckwheat,Buchweizen,starches & bread,281,84.35,77.0,25,5.3,2.02,0.0,0.48,277.06,924,333,30.41125541125541
buchweizenmehl,Buchweizenmehl,Buckwheat flour,Buch&shy;weizen&shy;mehl,starches & bread,202,78.35,71.0,19,5.3,2.02,0.0,0.62,346.33,894,258,22.595078299776286
bulgur,Bulgur,Bulgur,Bulgur,starches & bread,253,96.56,83.0,36,13.6,0.0,0.0,0.61,329.13,863,262,29.316338354577056
couscous,Couscous,Couscous,Couscous,starches & bread,190,78.35,71.0,18,5.3,2.02,0.0,0.66,351.0,851,242,22.326674500587544
dinkelmehl,Dinkelmehl,Spelled flour,Dinkelmehl,starches & bread,212,87.35,80.0,18,5.3,2.02,0.0,0.66,353.49,857,242,24.73745624270712
dinkelvollkorn,Dinkelvollkornmehl,Spelled wholemeal,Dinkelvollkornmehl,starches & bread,95,33.34,28.0,15,5.3,0.0,0.0,0.56,330.24,944,286,10.063559322033898
fruehkartoffeln,Frühkartoffeln,Early potatoes,Frühkartoffeln,vegetables & mushrooms,364,36.43,34.0,24,2.3,0.17,0.0,0.16,76.43,764,1000,47.64397905759162
glasnudeln,Glasnudeln,Glass noodles,Glasnudeln,legumes,306,76.62,73.0,14,3.6,0.0,0.0,0.4,349.9,1400,400,21.857142857142858
gluten,Gluten,Gluten (wheat),Gluten,starches & bread,209,224.35,217.0,7,5.3,2.02,0.0,1.72,370.0,344,93,60.75581395348837
gnocchi,Gnocchi,Gnocchi (potato),Gnocchi,starches & bread,347,69.45,62.1,37,5.3,2.02,0.0,0.32,174.84,874,500,39.7025171624714
goldhirse,Goldhirse,Gold millet,Goldhirse,starches & bread,164,62.34,35.0,72,21.7,5.66,0.0,0.61,360.66,946,262,17.33615221987315
gerste,Gerste,Pearl barley,Gerste,starches & bread,187,61.85,59.0,9,2.9,0.0,0.0,0.53,334.38,1009,302,18.53320118929633
gruenkernschrot,Grünkernschrot,Green spelt wholemeal,Grünkernschrot,starches & bread,206,87.35,80.0,17,5.3,2.02,0.0,0.68,340.0,800,235,25.75
hafer,Hafer,Oats,Hafer,starches & bread,277,98.56,85.0,38,13.6,0.0,0.0,0.57,353.0,991,281,27.95156407669021
hartweizengriess,Hartweizengrieß,Durum wheat semolina,Hartweizengrieß,starches & bread,199,78.35,71.0,19,5.3,2.02,0.0,0.63,355.88,904,254,22.013274336283185
hirse,Hirse,Millet,Hirse,starches & bread,161,61.36,35.0,69,12.3,14.1,0.0,0.61,360.66,946,262,17.019027484143763
kartoffeln,Kartoffeln,Potatoes,Kartoffeln,vegetables & mushrooms,144,14.43,12.0,24,2.3,0.17,0.0,0.16,76.0,760,1000,18.94736842105263
kastanien,Kastanien,Chestnuts,Kastanien,nuts & seeds,1142,217.62,210.0,40,7.6,0.0,0.0,0.305,200.0,1049,525,108.8655862726406
kichererbsenmehl,Kichererbsenmehl,Chickpea flour,Kicher&shy;erbsenmehl,legumes,204,108.26,79.0,55,20.8,8.43,0.0,0.85,360.0,678,188,30.08849557522124
laugenbrezel,Laugenbrezel,Lye roll,Laugen&shy;brezel,starches & bread,256,94.35,87.0,20,5.3,2.02,0.0,0.59,366.0,993,271,25.780463242698893
laugengebaeck,Laugengebäck,Soft pretzel,Laugengebäck,starches & bread,226,83.35,76.0,20,5.3,2.02,0.0,0.59,365.43,991,271,22.805247225025223
linsenmehl,Linsenmehl,Lentil flour,Linsenmehl,legumes,123,100.98,66.0,43,23.6,11.38,0.0,1.31,396.48,484,122,25.41322314049587
maisgriess,Maisgrieß,Corn grits,Maisgrieß,starches & bread,182,63.62,60.0,10,3.6,0.0,0.0,0.56,353.49,1010,286,18.019801980198014
maniok,Maniok,Manioc,Maniok,vegetables & mushrooms,244,35.07,8.0,188,15.1,12.0,0.0,0.23,159.07,1107,696,22.04155374887082
mehrkornmehl,Mehrkornmehl,Multigrain flour,Mehrkornmehl,starches & bread,171,68.26,58.8,24,7.9,1.61,0.0,0.64,342.0,855,250,20.0
nudeln,Nudeln,Noodles,Nudeln,starches & bread,247,97.35,90.0,19,5.3,2.02,0.0,0.63,358.27,910,254,27.142857142857142
nudeln_(mit_ei),Eiernudeln,Noodles (with egg),Eiernudeln,starches & bread,284,117.35,110.0,18,5.3,2.02,0.0,0.66,370.21,897,242,31.661092530657747
pommes,Pommes,Fries,Pommes,starches & bread,1739,543.35,536.0,24,5.3,2.02,0.0,0.5,284.23,910,320,191.0989010989011
quinoa,Quinoa,Quinoa,Quinoa,starches & bread,319,127.64,88.2,99,29.7,9.77,0.0,0.64,368.0,920,250,34.67391304347826
reis,Reis,Rice,Reis,starches & bread,933,303.37,265.0,118,24.8,13.58,0.0,0.52,353.49,1088,308,85.75367647058823
reismehl,Reismehl,Rice flour,Reismehl,starches & bread,852,282.37,244.0,116,24.8,13.58,0.0,0.53,355.16,1072,302,79.4776119402985
risottoreis,Risottoreis,Risotto rice,Risottoreis,starches & bread,916,303.37,265.0,116,24.8,13.58,0.0,0.53,358.0,1081,302,84.736355226642
roggenmehl,Roggenmehl,Rye flour,Roggenmehl,starches & bread,269,90.74,88.0,8,2.7,0.0,0.0,0.54,327.22,970,296,27.7319587628866
schrot,Schrot,Wholemeal,Schrot,starches & bread,155,55.35,48.0,21,5.3,2.02,0.0,0.57,344.0,966,281,16.045548654244307
sojamehl,Sojamehl,Soy flour,Sojamehl,legumes,356,291.53,277.0,18,13.3,1.24,0.0,1.31,396.48,484,122,73.55371900826447
spaghetti,Spaghetti,Spaghetti,Spaghetti,starches & bread,250,98.35,91.0,19,5.3,2.02,0.0,0.63,358.27,910,254,27.47252747252747
suesskartoffel,Süßkartoffel,Sweet potato,Süß&shy;kar&shy;toffel,vegetables & mushrooms,159,16.93,14.5,23,2.3,0.17,0.0,0.17,98.0,922,941,17.245119305856832
topinambur,Topinambur,Jerusalem artichokes,Topi&shy;nambur,vegetables & mushrooms,450,42.21,34.0,88,8.2,0.0,0.0,0.15,48.75,520,1067,86.53846153846153
vollkorn,Vollkorn,Whole-grain,Vollkorn,starches & bread,164,55.35,48.0,22,5.3,2.02,0.0,0.54,327.22,970,296,16.90721649484536
vollkornbrot,Vollkornbrot,Whole-grain bread,Vollkornbrot,starches & bread,359,94.35,87.0,28,5.3,2.02,0.0,0.42,215.2,820,381,43.78048780487805
vollkornmehl,Vollkornmehl,Wholemeal flour,Vollkornmehl,starches & bread,196,78.35,71.0,18,5.3,2.02,0.0,0.64,342.0,855,250,22.923976608187136
vollweizengriess,Vollweizengrieß,Whole wheat semolina,Vollweizengrieß,starches & bread,141,55.35,48.0,19,5.3,2.02,0.0,0.63,355.88,904,254,15.597345132743364
weissmehl,Weißmehl,White flour,Weißmehl,starches & bread,202,78.35,71.0,19,5.3,2.02,0.0,0.62,351.1,906,258,22.29580573951435
weizen,Weizen,Wheat,Weizen,starches & bread,166,60.35,53.0,20,5.3,2.02,0.0,0.58,327.22,903,276,18.383167220376524
weizenmehl,Weizenvollkornmehl,Wheat flour (type 812),Weizenvollkornmehl,starches & bread,202,78.35,71.0,19,5.3,2.02,0.0,0.62,351.0,906,258,22.29580573951435
algen,Algen,Seaweed,Algen,vegetables & mushrooms,1027,89.87,36.0,616,27.8,26.06,0.0,0.14,53.26,609,1143,168.63711001642037
artischocken,Artischocken,Artichokes,Arti&shy;schocken,vegetables & mushrooms,304,28.47,20.0,90,8.5,0.0,0.0,0.15,12.0,128,1067,237.5
artischockenherzen,Artischockenherzen,Artichoke hearts,Artischockenherzen,vegetables & mushrooms,843,68.47,60.0,104,8.5,0.0,0.0,0.13,25.0,308,1231,273.7012987012987
aubergine,Aubergine,Aubergine,Aubergine,vegetables & mushrooms,983,61.41,46.0,247,14.7,0.75,44.97,0.1,19.03,304,1600,323.35526315789474
austernpilz,Austernpilz,Oyster mushroom,Austern&shy;pilz,vegetables & mushrooms,1534,121.73,117.0,60,4.7,0.0,0.0,0.127,25.5,321,1260,477.8816199376947
avocado,Avocado,Avocado,Avocado,vegetables & mushrooms,457,93.38,54.3,191,29.9,9.2,0.0,0.327,141.97,695,489,65.75539568345324
batavia_salat,Batavia Salat,Batavia lettuce,Batavia Salat,vegetables & mushrooms,465,26.18,20.0,110,6.2,0.0,0.0,0.09,12.68,225,1778,206.66666666666663
blumenkohl,Blumenkohl,Cauliflower,Blumenkohl,vegetables & mushrooms,476,38.65,33.0,70,5.7,0.0,0.0,0.13,16.29,200,1231,238.0
brennnesseln,Brennnesseln,Nettles,Brennnesseln,vegetables & mushrooms,138,17.19,11.0,50,6.1,0.06,3.59,0.2,50.4,403,800,34.24317617866005
brokkoli,Brokkoli,Broccoli,Brokkoli,vegetables & mushrooms,499,43.65,38.0,65,5.7,0.0,0.0,0.14,19.09,218,1143,228.89908256880733
brunnenkresse,Brunnenkresse,Watercress,Brunnenkresse,vegetables & mushrooms,509,31.81,21.0,173,7.8,3.0,179.77,0.1,16.96,271,1600,187.8228782287823
butternut,Butternut,Butternut,Butternut,vegetables & mushrooms,119,8.62,5.14,48,3.5,0.0,0.0,0.116,49.0,676,1379,17.60355029585799
cherrytomaten,Cherrytomaten,Cherry tomatoes,Cherry&shy;tomaten,vegetables & mushrooms,505,25.26,19.0,125,5.8,0.43,25.94,0.08,21.26,425,2000,118.82352941176472
chicoree,Chicoree,Chicory,Chicoree,vegetables & mushrooms,452,21.18,15.0,132,6.2,0.0,0.0,0.075,13.38,285,2133,158.59649122807016
chinakohl,Chinakohl,Chinese cabbage,Chinakohl,vegetables & mushrooms,478,29.88,25.0,78,4.9,0.0,0.0,0.1,12.26,196,1600,243.87755102040816
eichblattsalat,Eichblattsalat,Red oak leaf salad,Eichblattsalat,vegetables & mushrooms,550,27.18,21.0,125,6.2,0.0,0.0,0.079,14.1,286,2025,192.30769230769232
eingelegtes_gemuese,Eingelegtes Gemüse,Pickles,Einge&shy;legtes Ge&shy;müse,vegetables & mushrooms,1385,60.59,35.0,585,25.6,0.0,0.0,0.07,14.09,322,2286,614.5962732919255
eisbergsalat,Eisbergsalat,Iceberg lettuce,Eis&shy;berg&shy;salat,vegetables & mushrooms,502,24.18,18.0,128,6.2,0.0,0.0,0.077,16.77,348,2078,144.2528735632184
endivie,Endivie,Endive,Endivie,vegetables & mushrooms,478,27.18,21.0,109,6.2,0.0,0.0,0.091,16.25,286,1758,167.13286713286712
feldsalat,Feldsalat,Lamb's lettuce,Feldsalat,vegetables & mushrooms,422,27.18,21.0,96,6.2,0.0,0.0,0.103,22.94,356,1553,118.53932584269664
fenchel,Fenchel,Fennel,Fenchel,vegetables & mushrooms,776,43.63,37.0,118,6.6,0.0,0.0,0.09,21.1,375,1778,206.9333333333333
fruehlingszwiebeln,Frühlingszwiebeln,Spring onions,Frühlingszwiebeln,vegetables & mushrooms,541,37.19,35.0,32,2.2,0.0,0.0,0.11,33.2,483,1455,112.00828157349896
gemuese,Gemüse,Vegetables,Gemüse,vegetables & mushrooms,620,34.9,29.0,105,5.9,0.0,0.0,0.09,26.75,476,1778,130.25210084033614
gruener_spargel,Grüner Spargel,Green asparagus,Grüner Spargel,vegetables & mushrooms,1368,102.63,86.0,222,10.7,5.95,357.12,0.12,23.14,309,1333,442.71844660194176
gruenkohl,Grünkohl,Kale,Grünkohl,vegetables & mushrooms,276,29.35,25.0,41,4.4,0.0,0.0,0.17,23.51,221,941,124.8868778280543
gurken,Gurken,Cucumber,Gurken,vegetables & mushrooms,501,28.18,18.0,181,10.2,0.0,0.0,0.09,9.9,176,1778,284.65909090909093
jalapeno,Jalapeno,Jalapeno,Jalapeno,vegetables & mushrooms,1584,59.41,44.0,411,14.7,0.75,44.97,0.06,15.0,400,2667,396.0
karotten,Karotten,Carrots,Karotten,vegetables & mushrooms,295,17.7,15.0,45,2.7,0.0,0.0,0.096,37.76,629,1667,46.89984101748808
knoblauch,Knoblauch,Garlic,Knoblauch,vegetables & mushrooms,328,59.36,35.0,134,8.2,16.15,0.0,0.29,121.49,670,552,48.95522388059702
knollensellerie,Knollensellerie,Celery root,Knollensellerie,vegetables & mushrooms,543,40.7,38.0,36,2.7,0.0,0.0,0.12,20.4,272,1333,199.6323529411765
kohl,Kohl,Cabbage,Kohl,vegetables & mushrooms,435,29.88,25.0,71,4.9,0.0,0.0,0.11,23.66,344,1455,126.45348837209302
kohlrabi,Kohlrabi,Turnip cabbage,Kohlrabi,vegetables & mushrooms,426,27.7,25.0,42,2.7,0.0,0.0,0.104,27.0,415,1538,102.65060240963857
kopfsalat,Kopfsalat,Lettuce,Kopfsalat,vegetables & mushrooms,550,27.18,21.0,125,6.2,0.0,0.0,0.079,14.1,286,2025,192.30769230769232
kuerbis,Kürbis,Pumpkin,Kürbis,vegetables & mushrooms,181,8.62,5.14,73,3.5,0.0,0.0,0.076,23.42,493,2105,36.71399594320487
lauch,Lauch,Leek,Lauch,vegetables & mushrooms,507,41.22,35.0,77,6.2,0.0,0.0,0.13,17.18,211,1231,240.28436018957345
mais,Mais,Corn,Mais,starches & bread,365,45.62,42.0,29,3.6,0.0,0.0,0.2,93.15,745,800,48.99328859060402
mangold,Mangold,Chard,Mangold,vegetables & mushrooms,333,21.63,15.0,102,6.6,0.0,0.0,0.104,23.18,357,1538,93.27731092436974
meerrettich,Meerrettich,Horseradish,Meer&shy;rettich,vegetables & mushrooms,271,35.63,29.0,51,6.6,0.0,0.0,0.21,80.0,610,762,44.42622950819672
mu-err_pilze,Mu-Err Pilze,Wood-ear fungus,Mu-Err Pilze,vegetables & mushrooms,2469,169.73,165.0,69,4.7,0.0,0.0,0.11,25.08,365,1455,676.4383561643835
pak_choi,Pak Choi,Pak choi,Pak Choi,vegetables & mushrooms,531,29.88,25.0,87,4.9,0.0,0.0,0.09,11.13,198,1778,268.1818181818182
pastinaken,Pastinaken,Parsnips,Pastinaken,vegetables & mushrooms,199,17.7,15.0,30,2.7,0.0,0.0,0.142,65.1,734,1127,27.111716621253407
peperoncini,Peperoncini,Peperoncini,Peperoncini,vegetables & mushrooms,697,56.65,44.0,156,11.2,1.41,84.6,0.13,36.6,450,1231,154.88888888888889
paprika,Paprika,Paprika,Paprika,vegetables & mushrooms,1033,59.41,44.0,268,14.7,0.75,44.97,0.092,32.0,557,1739,185.45780969479355
pfifferlinge,Pfifferlinge,Chanterelles,Pfifferlinge,vegetables & mushrooms,796,54.73,50.0,69,4.7,0.0,0.0,0.11,16.62,242,1455,328.92561983471074
pilze,Pilze,Mushrooms,Pilze,vegetables & mushrooms,2343,175.73,171.0,63,4.7,0.0,0.0,0.12,22.0,293,1333,799.6587030716723
portulak,Portulak,Portulaca,Portulak,vegetables & mushrooms,544,27.19,21.0,124,6.1,0.06,3.59,0.08,18.34,367,2000,148.22888283378745
radicchio,Radicchio,Radicchio,Radicchio,vegetables & mushrooms,625,35.18,29.0,110,6.2,0.0,0.0,0.09,11.9,212,1778,294.811320754717
rote_beete,Rote Beete,Beetroot,Rote Beete,vegetables & mushrooms,452,36.7,34.0,33,2.7,0.0,0.0,0.13,35.77,440,1231,102.72727272727272
rettich,Rettich,Radish,Rettich,vegetables & mushrooms,564,31.7,29.0,48,2.7,0.0,0.0,0.09,13.61,242,1778,233.05785123966945
rispentomaten,Rispentomaten,Vine tomatoes,Rispentomaten,vegetables & mushrooms,505,25.26,19.0,125,5.8,0.43,25.94,0.08,21.26,425,2000,118.82352941176472
romanesco,Romanesco,Romanesco,Romanesco,vegetables & mushrooms,476,38.65,33.0,70,5.7,0.0,0.0,0.13,16.29,200,1231,238.0
rosenkohl,Rosenkohl,Brussels sprouts,Rosenkohl,vegetables & mushrooms,569,56.88,52.0,49,4.9,0.0,0.0,0.16,33.53,335,1000,169.8507462686567
rotkohl,Rotkohl,Red cabbage,Rotkohl,vegetables & mushrooms,435,29.88,25.0,71,4.9,0.0,0.0,0.11,23.66,344,1455,126.45348837209302
rucola,Rucola,Arugula,Rucola,vegetables & mushrooms,469,35.18,29.0,82,6.2,0.0,0.0,0.12,28.42,379,1333,123.7467018469657
sauerkraut,Sauerkraut,Sauerkraut,Sauerkraut,vegetables & mushrooms,1024,57.59,44.59,231,13.0,0.0,0.0,0.09,19.11,340,1778,401.1764705882353
schalotte,Schalotte,Shallot,Schalotte,vegetables & mushrooms,425,37.19,35.0,25,2.2,0.0,0.0,0.14,12.76,146,1143,291.09589041095893
schwarzwurzel,Schwarzwurzel,Salsify,Schwarzwurzel,vegetables & mushrooms,211,17.7,15.0,32,2.7,0.0,0.0,0.134,52.82,631,1194,33.43898573692552
spinat,Spinat,Spinach,Spinat,vegetables & mushrooms,182,13.65,11.0,35,2.7,0.0,0.0,0.12,22.69,303,1333,60.06600660066007
sprossen,Sprossen,Sprouts,Sprossen,vegetables & mushrooms,208,26.0,13.0,104,13.0,0.0,0.0,0.2,54.93,439,800,47.380410022779046
stangensellerie,Stangensellerie,Celery,Stangensellerie,vegetables & mushrooms,649,44.63,38.0,96,6.6,0.0,0.0,0.11,9.03,131,1455,495.41984732824426
steckrueben,Steckrüben,Turnips,Steckrüben,vegetables & mushrooms,432,29.7,27.0,39,2.7,0.0,0.0,0.11,15.18,221,1455,195.47511312217196
steinpilze,Steinpilze,Ceps,Steinpilze,vegetables & mushrooms,617,54.73,50.0,53,4.7,0.0,0.0,0.142,31.55,355,1127,173.80281690140845
tomaten,Tomaten,Tomatoes,Tomaten,vegetables & mushrooms,525,26.26,20.0,125,5.8,0.43,25.94,0.08,21.26,425,2000,123.52941176470588
trueffel,Trüffel,Truffle,Trüffel,vegetables & mushrooms,838,104.73,100.0,38,4.7,0.0,0.0,0.2,31.05,248,800,337.9032258064516
weisser_spargel,Weißer Spargel,White asparagus,Weißer Spargel,vegetables & mushrooms,1075,80.63,64.0,222,10.7,5.95,357.12,0.12,20.15,269,1333,399.6282527881041
weisskohl,Weißkohl,White cabbage,Weißkohl,vegetables & mushrooms,435,29.88,25.0,71,4.9,0.0,0.0,0.11,23.66,344,1455,126.45348837209302
wilde_pilze,Waldpilze,Wild mushrooms,Waldpilze,vegetables & mushrooms,392,36.73,32.0,50,4.7,0.0,0.0,0.15,25.22,269,1067,145.72490706319704
wirsing,Wirsing,Savoy cabbage,Wirsing,vegetables & mushrooms,382,29.88,25.0,62,4.9,0.0,0.0,0.125,30.83,395,1280,96.70886075949367
zucchini,Zucchini,Zucchini,Zucchini,vegetables & mushrooms,360,22.48,19.0,56,3.5,0.0,0.0,0.1,16.62,266,1600,135.33834586466165
zuckerhut,Zuckerhut,Sugar loaf,Zuckerhut,vegetables & mushrooms,483,27.18,21.0,110,6.2,0.0,0.0,0.09,14.03,249,1778,193.97590361445785
zwiebeln,Zwiebeln,Onions,Zwiebeln,vegetables & mushrooms,545,37.5,35.0,36,2.5,0.0,0.0,0.11,35.82,521,1455,104.60652591170826
